feature,ttest,pvalue
modularity,-0.38937648403731756,0.6974878747840952
