subject,feature,ttest,pvalue
NYU_0050954_rois_aal,degree_avg,0.2011602388516825,0.8408151847587113
NYU_0050955_rois_aal,degree_interHemisphere_avg,0.38514608437515013,0.7006134842631135
NYU_0050956_rois_aal,degree_intraHemisphere_avg,0.005905165869088579,0.995295351517848
NYU_0050957_rois_aal,degree_neg_avg,-0.06607917758421651,0.947392893230836
NYU_0050958_rois_aal,degree_interHemisphere_neg_avg,-0.08104311636171374,0.9355035595260566
NYU_0050959_rois_aal,degree_intraHemisphere_neg_avg,-0.1870547584169717,0.8518420714215302
NYU_0050960_rois_aal,strength_global,-0.3893793791726264,0.6974857374928631
